dist_id,district_code,district_name,num_round,budget,received_tax,popul,N_area,U_area,Udense_area,AU_area,A_area,Us_area,Usdense_area,AUs_area,last(length_dikes_all),last(length_dikes_good),last(length_dikes_medium),last(length_dikes_bad),last(mean_alt_all_dikes),last(mean_alt_dikes_good),last(mean_alt_dikes_medium),last(mean_alt_dikes_bad),last(min_alt_all_dikes),last(min_alt_dikes_good),last(min_alt_dikes_medium),last(min_alt_dikes_bad),last(length_dunes_all),last(length_dunes_good),last(length_dunes_medium),last(length_dunes_bad),last(mean_alt_all_dunes),last(mean_alt_dunes_good),last(mean_alt_dunes_medium),last(mean_alt_dunes_bad),last(min_alt_all_dunes),last(min_alt_dunes_good),last(min_alt_dunes_medium),last(min_alt_dunes_bad),actions_cost,given_money,taken_money,transferred_money,levers_costs
4,76192,L1,0,2446,0,2718,500.91608408195515,244.5310179809888,0.0,0.0,1355.9670745341848,0.0,0.0,0.0,404.69130630781046,0.0,0.0,404.69130630781046,8.559998355555555,0.0,0.0,8.559998355555555,7.9291859,0.0,0.0,7.9291859,0.0,0.0,0.0,0.0,0.0,0.0,0.0,0.0,0.0,0.0,0.0,0.0,0,0,0,0,0
4,76192,L1,1,4841,2395,2662,500.91608408195515,244.5310179809888,0.0,0.0,1355.9670745341848,0.0,0.0,0.0,404.69130630781046,0.0,0.0,404.69130630781046,8.559998355555555,0.0,0.0,8.559998355555555,7.9291859,0.0,0.0,7.9291859,0.0,0.0,0.0,0.0,0.0,0.0,0.0,0.0,0.0,0.0,0.0,0.0,0,0,0,0,0
4,76192,L1,2,7191,2350,2612,500.91608408195515,244.5310179809888,0.0,0.0,1355.9670745341848,0.0,0.0,0.0,404.69130630781046,0.0,0.0,404.69130630781046,8.559998355555555,0.0,0.0,8.559998355555555,7.9291859,0.0,0.0,7.9291859,0.0,0.0,0.0,0.0,0.0,0.0,0.0,0.0,0.0,0.0,0.0,0.0,0,0,0,0,0
4,76192,L1,3,9494,2303,2559,500.91608408195515,244.5310179809888,0.0,0.0,1355.9670745341848,0.0,0.0,0.0,404.69130630781046,0.0,0.0,404.69130630781046,8.559998355555555,0.0,0.0,8.559998355555555,7.9291859,0.0,0.0,7.9291859,0.0,0.0,0.0,0.0,0.0,0.0,0.0,0.0,0.0,0.0,0.0,0.0,0,0,0,0,0
