dist_id,district_code,district_name,num_round,budget,received_tax,popul,N_area,U_area,Udense_area,AU_area,A_area,Us_area,Usdense_area,AUs_area,last(length_dikes_all),last(length_dikes_good),last(length_dikes_medium),last(length_dikes_bad),last(mean_alt_all_dikes),last(mean_alt_dikes_good),last(mean_alt_dikes_medium),last(mean_alt_dikes_bad),last(min_alt_all_dikes),last(min_alt_dikes_good),last(min_alt_dikes_medium),last(min_alt_dikes_bad),last(length_dunes_all),last(length_dunes_good),last(length_dunes_medium),last(length_dunes_bad),last(mean_alt_all_dunes),last(mean_alt_dunes_good),last(mean_alt_dunes_medium),last(mean_alt_dunes_bad),last(min_alt_all_dunes),last(min_alt_dunes_good),last(min_alt_dunes_medium),last(min_alt_dunes_bad),actions_cost,given_money,taken_money,transferred_money,levers_costs
1,76217,L2,0,4510,0,30072,226.59897097087983,842.4753704097967,63.989018537345025,0.0,177.6748350945385,0.0,0.0,0.0,10278.007422451223,8357.704454170258,1920.3029682809683,0.0,5.537184216320642,5.351009984691777,6.447369348728422,0.0,1.6418645992857144,1.6418645992857144,2.094541793333333,0.0,0.0,0.0,0.0,0.0,0.0,0.0,0.0,0.0,0.0,0.0,0.0,0.0,0,0,0,0,0
1,76217,L2,1,8059,4485,29903,226.59897097087983,842.4753704097967,63.989018537345025,0.0,177.6748350945385,0.0,0.0,0.0,10278.007422451223,8357.704454170258,1920.3029682809683,0.0,5.537184216320642,5.351009984691777,6.447369348728422,0.0,1.6418645992857144,1.6418645992857144,2.094541793333333,0.0,0.0,0.0,0.0,0.0,0.0,0.0,0.0,0.0,0.0,0.0,0.0,0.0,-936,0,0,0,0
1,76217,L2,2,12520,4461,29741,226.59897097087983,842.4753704097967,63.989018537345025,0.0,177.6748350945385,0.0,0.0,0.0,10278.007422451223,7481.640024845123,2596.3674122500597,199.9999853560447,5.537184216320642,5.378717638122091,5.951977830162285,6.611693882142857,1.6418645992857144,1.6418645992857144,1.7024712076923076,6.421454764285715,0.0,0.0,0.0,0.0,0.0,0.0,0.0,0.0,0.0,0.0,0.0,0.0,0,0,0,0,0
1,76217,L2,3,16956,4436,29574,226.59897097087983,842.4753704097967,63.989018537345025,0.0,177.6748350945385,0.0,0.0,0.0,10278.007422451223,6266.836819222706,3811.1706178724767,199.9999853560447,5.537184216320642,5.346162020152756,5.825007670688308,6.611693882142857,1.6418645992857144,1.6418645992857144,1.7024712076923076,6.421454764285715,0.0,0.0,0.0,0.0,0.0,0.0,0.0,0.0,0.0,0.0,0.0,0.0,0,0,0,0,0
