dist_id,district_code,district_name,num_round,budget,received_tax,popul,N_area,U_area,Udense_area,AU_area,A_area,Us_area,Usdense_area,AUs_area,last(length_dikes_all),last(length_dikes_good),last(length_dikes_medium),last(length_dikes_bad),last(mean_alt_all_dikes),last(mean_alt_dikes_good),last(mean_alt_dikes_medium),last(mean_alt_dikes_bad),last(min_alt_all_dikes),last(min_alt_dikes_good),last(min_alt_dikes_medium),last(min_alt_dikes_bad),last(length_dunes_all),last(length_dunes_good),last(length_dunes_medium),last(length_dunes_bad),last(mean_alt_all_dunes),last(mean_alt_dunes_good),last(mean_alt_dunes_medium),last(mean_alt_dunes_bad),last(min_alt_all_dunes),last(min_alt_dunes_good),last(min_alt_dunes_medium),last(min_alt_dunes_bad),actions_cost,given_money,taken_money,transferred_money,levers_costs
1,76217,L2,0,4510,0,30072,226.59897097087983,842.4753704097967,63.989018537345025,0.0,177.6748350945385,0.0,0.0,0.0,10278.007422451223,8357.704454170258,1920.3029682809683,0.0,5.537184216320642,5.351009984691777,6.447369348728422,0.0,1.6418645992857144,1.6418645992857144,2.094541793333333,0.0,0.0,0.0,0.0,0.0,0.0,0.0,0.0,0.0,0.0,0.0,0.0,0.0,0,0,0,0,0
1,76217,L2,1,8527,4485,29906,226.59897097087983,842.4753704097967,63.989018537345025,0.0,177.6748350945385,0.0,0.0,0.0,10278.007422451223,8357.704454170258,1920.3029682809683,0.0,5.537184216320642,5.351009984691777,6.447369348728422,0.0,1.6418645992857144,1.6418645992857144,2.094541793333333,0.0,0.0,0.0,0.0,0.0,0.0,0.0,0.0,0.0,0.0,0.0,0.0,0.0,-468,0,0,0,0
1,76217,L2,2,12986,4459,29731,226.59897097087983,842.4753704097967,63.989018537345025,0.0,177.6748350945385,0.0,0.0,0.0,10278.007422451223,8035.3292622185445,2042.6782466164937,199.99991361619024,5.537184216320642,5.327867306483452,6.13937774791177,7.900803892857144,1.6418645992857144,1.6418645992857144,2.094541793333333,6.801933,0.0,0.0,0.0,0.0,0.0,0.0,0.0,0.0,0.0,0.0,0.0,0.0,0,0,0,0,0
1,76217,L2,3,17421,4435,29569,226.59897097087983,842.4753704097967,63.989018537345025,0.0,177.6748350945385,0.0,0.0,0.0,10278.007422451223,7281.257663434258,2596.7499172825005,399.9998417344709,5.537184216320642,5.244358831102597,6.006940381344518,7.666160687687312,1.6418645992857144,1.6418645992857144,2.094541793333333,5.806132272727272,0.0,0.0,0.0,0.0,0.0,0.0,0.0,0.0,0.0,0.0,0.0,0.0,0,0,0,0,0
