dist_id,district_code,district_name,num_round,budget,received_tax,popul,N_area,U_area,Udense_area,AU_area,A_area,Us_area,Usdense_area,AUs_area,last(length_dikes_all),last(length_dikes_good),last(length_dikes_medium),last(length_dikes_bad),last(mean_alt_all_dikes),last(mean_alt_dikes_good),last(mean_alt_dikes_medium),last(mean_alt_dikes_bad),last(min_alt_all_dikes),last(min_alt_dikes_good),last(min_alt_dikes_medium),last(min_alt_dikes_bad),last(length_dunes_all),last(length_dunes_good),last(length_dunes_medium),last(length_dunes_bad),last(mean_alt_all_dunes),last(mean_alt_dunes_good),last(mean_alt_dunes_medium),last(mean_alt_dunes_bad),last(min_alt_all_dunes),last(min_alt_dunes_good),last(min_alt_dunes_medium),last(min_alt_dunes_bad),actions_cost,given_money,taken_money,transferred_money,levers_costs
2,17140,com-B,0,1362,0,3245,991.458877390025,364.50471149533513,4.0,0.0,1517.2853111153477,0.0,0.0,0.0,2714.6150297569066,846.6834721643656,1810.033082294934,57.89847529760656,3.6070396503054574,3.7926231303418803,3.6535146561969443,3.0499726666666667,2.625541666666667,3.635229166666667,2.625541666666667,3.0499726666666667,933.7024065243625,0.0,933.7024065243625,0.0,0.0,0.0,4.68407481060606,0.0,0.0,0.0,4.306878787878787,0.0,0,0,0,0,0
2,17140,com-B,1,2743,1381,3289,991.458877390025,364.50471149533513,4.0,0.0,1517.2853111153477,0.0,0.0,0.0,2714.6150297569066,846.6834721643656,1810.033082294934,57.89847529760656,3.6070396503054574,3.7926231303418803,3.6535146561969443,3.0499726666666667,2.625541666666667,3.635229166666667,2.625541666666667,3.0499726666666667,933.7024065243625,0.0,933.7024065243625,0.0,0.0,0.0,4.68407481060606,0.0,0.0,0.0,4.306878787878787,0.0,0,0,0,0,0
2,17140,com-B,2,4139,1396,3326,991.458877390025,364.50471149533513,4.0,0.0,1517.2853111153477,0.0,0.0,0.0,2714.6150297569066,846.6834721643656,1589.0870119856995,278.84454560684134,3.6070396503054574,3.7926231303418803,3.677700573341957,3.315464785714286,2.625541666666667,3.635229166666667,2.625541666666667,3.0499726666666667,933.7024065243625,0.0,933.7024065243625,0.0,0.0,0.0,4.68407481060606,0.0,0.0,0.0,4.306878787878787,0.0,0,0,0,0,0
